timestamp,cpu_percent,memory_percent,memory_used,memory_availabe,disk_percent,disk_used,disk_free,bytes_sent,bytes_received
2024-11-13 20:38:07,6.7,80.1,3076.484375,1626.875,87.4,12592.8046875,1822.8984375,750.6806640625,717.68359375
2024-11-13 20:38:13,8.1,78.2,2978.59375,1784.890625,87.4,12592.8046875,1822.875,750.6923828125,717.703125
2024-11-13 20:38:19,11.3,79.1,3123.9375,1708.703125,87.3,12592.8046875,1826.80859375,750.70703125,717.71875
2024-11-13 20:38:25,3.9,78.7,3112.21875,1740.875,87.3,12592.8046875,1826.80078125,750.70703125,717.7197265625
2024-11-13 20:38:31,18.2,79.6,3110.703125,1670.90625,87.3,12592.8046875,1826.72265625,750.73046875,717.7451171875
2024-11-13 20:38:37,4.2,80.3,3063.609375,1612.734375,87.3,12592.8046875,1826.59765625,750.7314453125,717.7470703125
2024-11-13 20:38:43,8.3,80.7,3047.171875,1584.671875,87.3,12592.8046875,1826.5390625,750.7412109375,717.7578125
2024-11-13 20:38:50,2.6,79.9,3007.3125,1643.375,87.4,12592.8046875,1823.5078125,750.7412109375,717.7578125
2024-11-13 20:38:56,9.5,80.1,3032.875,1628.015625,87.4,12592.8046875,1823.41796875,750.78125,717.767578125
2024-11-13 20:39:02,13.1,80.0,3040.8125,1636.6875,87.4,12592.8046875,1823.19140625,750.7978515625,717.7880859375
2024-11-13 20:39:08,14.3,80.6,3050.640625,1590.859375,87.3,12592.8046875,1829.33203125,750.828125,717.8515625
2024-11-13 20:39:14,5.1,80.8,3060.578125,1569.484375,87.3,12592.8046875,1829.33203125,750.8310546875,717.8564453125
2024-11-13 20:39:20,7.8,80.2,2941.1875,1623.578125,87.3,12592.8046875,1828.625,750.849609375,717.8798828125
2024-11-13 20:39:26,2.5,80.3,2933.578125,1612.515625,87.3,12592.8046875,1827.9296875,750.8671875,717.890625
2024-11-13 20:39:32,3.7,79.7,2922.890625,1663.671875,87.3,12592.8046875,1827.84375,750.8671875,717.890625
2024-11-13 20:39:38,4.5,81.0,3000.390625,1556.328125,87.3,12592.8046875,1827.828125,750.8681640625,717.890625
2024-11-13 20:39:44,19.5,81.5,2899.203125,1512.640625,87.3,12592.8046875,1827.484375,750.87890625,717.90625
2024-11-13 20:39:50,3.9,81.5,2884.9375,1516.296875,87.3,12592.8046875,1827.47265625,750.8798828125,717.908203125
2024-11-13 20:39:56,3.4,80.9,2925.96875,1560.578125,87.3,12592.8046875,1827.23046875,750.8916015625,717.921875
2024-11-13 20:40:02,7.3,80.3,2988.6875,1614.5625,87.3,12592.8046875,1826.9375,750.892578125,717.9228515625
2024-11-13 20:40:08,6.7,80.8,2977.21875,1572.453125,87.3,12592.8046875,1826.69140625,750.892578125,717.9228515625
2024-11-13 20:40:14,10.5,81.1,2968.609375,1546.875,87.3,12592.8046875,1830.33984375,750.8935546875,717.9248046875
2024-11-13 20:40:20,18.5,81.6,2907.984375,1504.609375,87.3,12592.8046875,1829.90625,750.912109375,717.9755859375
2024-11-13 20:40:26,14.9,82.5,2912.21875,1435.03125,87.3,12592.8046875,1833.12109375,750.96484375,718.14453125
2024-11-13 20:40:32,28.0,81.5,2880.6875,1516.3125,87.3,12592.8046875,1832.69921875,750.966796875,718.1455078125
2024-11-13 20:40:38,23.2,81.8,2904.359375,1493.3125,87.2,12592.8046875,1842.140625,750.9765625,718.189453125
2024-11-13 20:40:44,64.7,81.6,2869.1875,1510.84375,87.3,12592.8046875,1839.296875,751.021484375,718.314453125
2024-11-13 20:40:50,31.9,82.2,2835.9375,1457.96875,87.2,12592.8046875,1840.3515625,751.0615234375,718.4248046875
2024-11-13 20:40:56,21.9,82.0,2897.796875,1472.453125,87.3,12592.8046875,1833.90625,751.0673828125,718.4267578125
2024-11-13 20:41:02,27.9,81.9,2862.8125,1481.265625,87.3,12592.8046875,1832.40625,751.1650390625,718.8505859375
2024-11-13 20:41:08,38.7,83.8,2852.375,1326.5625,87.4,12592.8046875,1818.390625,751.2568359375,719.0361328125
2024-11-13 20:41:14,24.6,82.0,2912.71875,1476.828125,87.4,12592.8046875,1820.2265625,751.2587890625,719.0390625
2024-11-13 20:41:20,15.6,81.0,2930.671875,1557.203125,87.4,12592.8046875,1810.18359375,751.2724609375,719.048828125
2024-11-13 20:41:26,22.6,81.0,2956.265625,1555.5625,87.4,12592.8046875,1808.9296875,751.3095703125,719.0576171875
2024-11-13 20:41:32,25.9,80.9,2875.28125,1564.90625,87.4,12592.8046875,1807.703125,751.3154296875,719.0654296875
2024-11-13 20:41:38,21.6,82.5,2943.5625,1430.953125,87.5,12592.8046875,1795.05859375,751.3525390625,719.1162109375
2024-11-13 20:41:44,19.3,81.4,2892.0625,1522.984375,87.6,12592.8046875,1784.88671875,751.35546875,719.12109375
2024-11-13 20:41:50,4.7,79.9,2823.515625,1643.375,87.5,12592.8046875,1791.43359375,751.357421875,719.125
2024-11-13 20:41:56,5.7,79.8,2831.046875,1652.734375,87.5,12592.8046875,1791.3984375,751.359375,719.12890625
2024-11-13 20:42:02,5.1,79.8,2912.640625,1651.40625,87.5,12592.8046875,1791.390625,751.3623046875,719.1337890625
2024-11-13 20:42:08,16.7,80.7,3010.78125,1581.1875,87.5,12592.8046875,1790.8984375,751.3642578125,719.138671875
2024-11-13 20:42:14,11.8,80.6,3010.265625,1585.453125,87.5,12592.8046875,1790.89453125,751.3671875,719.1435546875
2024-11-13 20:42:20,7.5,80.1,2995.75,1632.84375,87.3,12592.8046875,1831.7421875,751.400390625,719.1787109375
2024-11-13 20:42:26,14.2,79.8,2979.265625,1655.875,87.3,12592.8046875,1831.546875,751.4013671875,719.1796875
2024-11-13 20:42:32,23.6,80.0,2887.765625,1639.453125,87.3,12592.8046875,1829.16015625,751.4248046875,719.2529296875
2024-11-13 20:42:38,5.7,81.1,2944.984375,1547.390625,87.3,12592.8046875,1829.359375,751.447265625,719.279296875
2024-11-13 20:42:44,21.5,80.6,2867.09375,1586.421875,87.3,12592.8046875,1829.08984375,751.4482421875,719.28125
2024-11-13 20:42:50,2.4,80.5,2862.1875,1601.21875,87.3,12592.8046875,1828.84765625,751.4541015625,719.2880859375
2024-11-13 20:42:56,13.0,80.5,2861.609375,1600.265625,87.3,12592.8046875,1830.57421875,751.466796875,719.3310546875
2024-11-13 20:43:02,22.6,82.6,3068.90625,1428.859375,87.3,12592.8046875,1830.515625,751.5205078125,719.42578125
2024-11-13 20:43:08,28.8,82.2,2941.453125,1458.421875,87.4,12592.8046875,1813.3359375,751.72265625,719.44921875
2024-11-13 20:43:14,4.5,81.4,2793.125,1522.53125,87.4,12592.8046875,1812.71875,751.765625,719.462890625
2024-11-13 20:43:20,8.3,82.7,2936.671875,1420.9375,87.4,12592.8046875,1812.703125,751.7705078125,719.46484375
2024-11-13 20:43:26,6.4,81.1,2937.46875,1550.640625,87.4,12592.8046875,1812.375,751.80078125,719.5048828125
2024-11-13 20:43:32,3.0,81.4,2837.6875,1520.671875,87.4,12592.8046875,1812.16796875,751.8916015625,719.6142578125
2024-11-13 20:43:38,4.6,82.2,2818.734375,1457.625,87.4,12592.8046875,1812.03515625,751.896484375,719.619140625
2024-11-13 20:43:44,10.6,82.9,2919.265625,1398.453125,87.4,12592.8046875,1812.13671875,751.9072265625,719.634765625
2024-11-13 20:43:50,6.6,82.9,2924.140625,1401.484375,87.4,12592.8046875,1811.859375,751.931640625,719.650390625
2024-11-13 20:43:56,10.0,82.2,2878.359375,1458.609375,87.4,12592.8046875,1811.78125,751.93359375,719.6513671875
2024-11-13 20:44:02,10.3,81.6,2883.78125,1507.671875,87.4,12592.8046875,1811.7421875,751.9365234375,719.65234375
2024-11-13 20:44:08,9.3,81.3,2986.078125,1533.890625,87.4,12592.8046875,1811.5625,751.96484375,719.6826171875
2024-11-13 20:44:14,5.3,80.8,2905.59375,1576.453125,87.4,12592.8046875,1811.57421875,751.974609375,719.6943359375
2024-11-13 20:44:20,3.5,80.8,2903.359375,1569.21875,87.4,12592.8046875,1811.51953125,751.9775390625,719.6953125
2024-11-13 20:44:26,3.7,79.9,2882.65625,1648.1875,87.4,12592.8046875,1811.51953125,751.978515625,719.6953125
2024-11-13 20:44:32,2.7,80.0,2904.6875,1635.90625,87.4,12592.8046875,1811.515625,751.978515625,719.6962890625
2024-11-13 20:44:38,7.5,80.9,3011.15625,1567.3125,87.4,12592.8046875,1811.19921875,751.984375,719.7021484375
2024-11-13 20:44:44,4.6,80.4,2982.828125,1605.34375,87.4,12592.8046875,1811.19140625,751.984375,719.7021484375
2024-11-13 20:44:50,11.7,81.2,2972.828125,1542.375,87.4,12592.8046875,1811.0,752.04296875,719.7294921875
2024-11-13 20:44:56,3.2,81.2,2907.71875,1539.75,87.4,12592.8046875,1810.5859375,752.10546875,719.76171875
2024-11-13 20:45:02,4.2,80.9,2945.28125,1563.796875,87.4,12592.8046875,1810.546875,752.1875,719.798828125
2024-11-13 20:45:08,10.1,81.2,2932.578125,1537.34375,87.4,12592.8046875,1810.37109375,752.220703125,719.80859375
2024-11-13 20:45:14,6.8,81.8,2930.953125,1492.265625,87.4,12592.8046875,1809.1015625,752.232421875,719.8486328125
2024-11-13 20:45:20,7.7,80.8,2856.5625,1574.890625,87.4,12592.8046875,1808.484375,752.2666015625,719.869140625
2024-11-13 20:45:26,4.9,80.8,2909.5,1575.28125,87.4,12592.8046875,1808.42578125,752.27734375,719.8837890625
2024-11-13 20:45:32,2.0,80.0,2865.4375,1636.109375,87.4,12592.8046875,1808.65625,752.2783203125,719.88671875
2024-11-13 20:45:38,7.4,80.7,2839.234375,1584.5,87.4,12592.8046875,1808.53125,752.3037109375,719.9072265625
2024-11-13 20:45:44,2.2,82.0,2905.265625,1475.296875,87.4,12592.8046875,1808.41015625,752.3056640625,719.9150390625
2024-11-13 20:45:50,8.0,81.5,2906.15625,1513.328125,87.4,12592.8046875,1808.2890625,752.31640625,719.9296875
2024-11-13 20:45:56,6.5,81.1,2884.5,1548.734375,87.4,12592.8046875,1808.27734375,752.3818359375,719.9599609375
2024-11-13 20:46:02,24.2,81.3,2898.078125,1527.921875,87.3,12592.8046875,1835.7421875,752.4453125,720.033203125
2024-11-13 20:46:08,17.7,81.9,2813.546875,1484.796875,87.3,12592.8046875,1835.26171875,752.51171875,720.107421875
2024-11-13 20:46:14,12.4,83.3,2843.328125,1368.0,87.3,12592.8046875,1834.88671875,752.521484375,720.1220703125
2024-11-13 20:46:20,12.3,82.6,2844.84375,1426.15625,87.3,12592.8046875,1834.671875,752.5283203125,720.1279296875
2024-11-13 20:46:26,18.6,82.1,2816.9375,1467.921875,87.3,12592.8046875,1834.1875,752.56640625,720.2119140625
2024-11-13 20:46:32,20.6,82.3,2880.703125,1449.59375,87.3,12592.8046875,1834.1171875,752.568359375,720.216796875
2024-11-13 20:46:38,22.0,83.0,2982.359375,1392.390625,87.3,12592.8046875,1833.8359375,752.5810546875,720.23828125
2024-11-13 20:46:44,12.7,82.6,2955.8125,1427.859375,87.3,12592.8046875,1832.98046875,752.6279296875,720.3662109375
2024-11-13 20:46:50,8.5,81.8,2925.046875,1494.03125,87.3,12592.8046875,1832.93359375,752.6318359375,720.3720703125
2024-11-13 20:46:56,11.8,81.9,2933.96875,1485.375,87.3,12592.8046875,1832.93359375,752.634765625,720.376953125
2024-11-13 20:47:02,9.8,81.7,2922.6875,1498.71875,87.3,12592.8046875,1832.29296875,752.6865234375,720.4013671875
2024-11-13 20:47:08,5.7,81.1,2927.09375,1548.71875,87.3,12592.8046875,1836.13671875,752.712890625,720.4189453125
2024-11-13 20:47:14,1.0,80.3,2874.078125,1611.65625,87.3,12592.8046875,1836.125,752.7138671875,720.419921875
2024-11-13 20:47:20,5.7,80.8,2934.203125,1573.1875,87.3,12592.8046875,1836.09765625,752.71875,720.4228515625
2024-11-13 20:47:26,1.1,80.4,2913.265625,1603.5625,87.3,12592.8046875,1836.09765625,752.71875,720.4228515625
2024-11-13 20:47:32,3.0,80.5,2940.03125,1593.84375,87.3,12592.8046875,1836.078125,752.728515625,720.43359375
2024-11-13 20:47:38,8.5,80.1,2965.15625,1630.484375,87.3,12592.8046875,1835.9453125,752.728515625,720.4345703125
2024-11-13 20:47:44,2.1,79.7,2938.4375,1659.0625,87.3,12592.8046875,1835.94140625,752.7294921875,720.4345703125
2024-11-13 20:47:50,11.8,80.0,2966.453125,1638.96875,87.3,12592.8046875,1835.80859375,752.7294921875,720.4345703125
2024-11-13 20:47:56,8.1,80.3,2995.6875,1611.84375,87.3,12592.8046875,1835.80078125,752.734375,720.443359375
2024-11-13 20:48:02,4.2,80.1,2968.0,1634.296875,87.3,12592.8046875,1835.77734375,752.755859375,720.513671875
2024-11-13 20:48:08,4.5,80.6,3004.9375,1592.1875,87.3,12592.8046875,1835.7421875,752.7568359375,720.513671875
2024-11-13 20:48:14,1.7,80.8,3019.5,1568.84375,87.3,12592.8046875,1835.31640625,752.775390625,720.5244140625
2024-11-13 20:48:20,7.7,79.8,2938.671875,1651.0,87.3,12592.8046875,1834.5546875,752.7841796875,720.5361328125
2024-11-13 20:48:26,4.4,80.4,2989.375,1603.109375,87.3,12592.8046875,1838.25390625,752.787109375,720.5634765625
2024-11-13 20:48:32,3.6,80.6,2937.265625,1590.140625,87.3,12592.8046875,1838.15625,752.787109375,720.5634765625
2024-11-13 20:48:38,11.1,80.5,2898.109375,1600.875,87.3,12592.8046875,1837.98828125,752.7880859375,720.564453125
2024-11-13 20:48:44,17.0,81.9,2839.671875,1480.28125,87.3,12592.8046875,1837.71484375,752.7890625,720.5654296875
2024-11-13 20:48:50,25.7,81.9,2846.890625,1481.546875,87.3,12592.8046875,1837.57421875,752.84375,720.583984375
2024-11-13 20:48:56,19.3,81.7,2859.8125,1500.53125,87.3,12592.8046875,1838.9296875,752.8544921875,720.5947265625
2024-11-13 20:49:02,20.2,81.1,2825.96875,1549.875,87.3,12592.8046875,1838.73828125,752.91796875,720.6533203125
2024-11-13 20:49:08,39.4,82.3,2902.546875,1451.609375,87.3,12592.8046875,1836.62109375,752.92578125,720.69140625
2024-11-13 20:49:14,9.1,81.3,2800.890625,1534.859375,87.3,12592.8046875,1838.2890625,752.935546875,720.7021484375
2024-11-13 20:49:20,21.4,81.6,2762.78125,1508.75,87.3,12592.8046875,1837.9453125,752.94140625,720.7080078125
2024-11-13 20:49:26,7.9,81.3,2778.03125,1528.65625,87.3,12592.8046875,1837.78515625,752.9501953125,720.72265625
2024-11-13 20:49:32,26.2,82.4,2878.421875,1444.34375,87.3,12592.8046875,1836.65234375,753.4580078125,720.919921875
2024-11-13 20:49:38,11.2,82.8,2874.734375,1409.78125,87.3,12592.8046875,1835.85546875,753.5478515625,720.9912109375
2024-11-13 20:49:45,16.8,82.2,2824.078125,1456.921875,87.3,12592.8046875,1835.7109375,753.716796875,721.0234375
2024-11-13 20:49:51,11.5,82.1,2831.28125,1465.703125,87.3,12592.8046875,1835.7890625,753.7412109375,721.0654296875
2024-11-13 20:49:57,9.9,81.7,2827.9375,1503.171875,87.3,12592.8046875,1835.8515625,753.7587890625,721.0771484375
2024-11-13 20:50:03,9.5,81.4,2850.734375,1525.0625,87.3,12592.8046875,1835.18359375,753.771484375,721.099609375
2024-11-13 20:50:09,8.2,81.4,2781.046875,1523.203125,87.3,12592.8046875,1834.65625,753.791015625,721.1201171875
2024-11-13 20:50:15,8.9,81.0,2759.125,1555.53125,87.3,12592.8046875,1834.62109375,753.8330078125,721.1376953125
2024-11-13 20:50:21,6.6,81.2,2795.359375,1543.21875,87.3,12592.8046875,1834.56640625,753.8388671875,721.1435546875
2024-11-13 20:50:27,1.5,81.1,2812.484375,1546.421875,87.3,12592.8046875,1834.546875,753.875,721.150390625
2024-11-13 20:50:33,3.9,81.0,2814.375,1554.453125,87.3,12592.8046875,1834.5390625,753.892578125,721.1767578125
2024-11-13 20:50:39,9.1,82.1,2885.703125,1469.8125,87.3,12592.8046875,1834.41796875,753.9033203125,721.1943359375
2024-11-13 20:50:45,15.0,82.9,2705.90625,1403.171875,87.3,12592.8046875,1830.97265625,754.083984375,722.4716796875
2024-11-13 20:50:51,14.6,81.8,2641.515625,1493.953125,87.3,12592.8046875,1826.484375,754.2021484375,724.935546875
2024-11-13 20:50:57,5.2,82.2,2741.921875,1454.671875,87.3,12592.8046875,1826.6796875,754.20703125,724.9404296875
2024-11-13 20:51:03,3.3,81.7,2768.78125,1497.140625,87.3,12592.8046875,1826.6484375,754.2275390625,724.9638671875
2024-11-13 20:51:09,3.1,81.5,2791.796875,1514.140625,87.3,12592.8046875,1826.5390625,754.2294921875,724.9658203125
2024-11-13 20:51:15,9.9,82.3,2810.5,1446.765625,87.3,12592.8046875,1826.46484375,754.2294921875,724.9658203125
2024-11-13 20:51:21,8.8,82.3,2798.03125,1449.015625,87.3,12592.8046875,1826.18359375,754.23828125,724.9892578125
2024-11-13 20:51:27,8.4,82.1,2835.84375,1464.921875,87.3,12592.8046875,1824.3515625,754.244140625,724.99609375
2024-11-13 20:51:33,13.0,82.2,2832.0625,1460.15625,87.3,12592.8046875,1824.203125,754.283203125,725.0302734375
2024-11-13 20:51:39,21.8,82.7,2842.34375,1415.5,87.4,12592.8046875,1822.17578125,754.3232421875,725.072265625
2024-11-13 20:51:45,15.5,82.3,2753.015625,1450.0,87.3,12592.8046875,1823.98828125,754.3349609375,725.0888671875
2024-11-13 20:51:51,17.3,82.4,2712.53125,1444.171875,87.3,12592.8046875,1823.8203125,754.37109375,725.15234375
2024-11-13 20:51:57,17.7,82.5,2702.671875,1429.6875,87.4,12592.8046875,1823.63671875,754.3740234375,725.1552734375
2024-11-13 20:52:03,16.5,82.2,2728.65625,1461.28125,87.3,12592.8046875,1825.44921875,754.3857421875,725.162109375
2024-11-13 20:52:09,11.3,82.3,2728.921875,1449.53125,87.3,12592.8046875,1825.0234375,754.421875,725.2421875
2024-11-13 20:52:15,3.0,82.3,2707.0,1450.765625,87.3,12592.8046875,1824.4921875,754.4228515625,725.244140625
2024-11-13 20:52:21,8.4,82.2,2725.75,1461.5,87.4,12592.8046875,1823.0078125,754.4345703125,725.2626953125
2024-11-13 20:52:27,2.2,81.9,2731.671875,1479.203125,87.4,12592.8046875,1822.171875,754.4560546875,725.27734375
2024-11-13 20:52:33,5.7,82.1,2752.421875,1469.0,87.4,12592.8046875,1820.9375,754.48046875,725.3447265625
2024-11-13 20:52:39,6.9,81.8,2785.28125,1493.375,87.4,12592.8046875,1820.921875,754.486328125,725.3515625
2024-11-13 20:52:45,1.0,82.3,2841.015625,1448.359375,87.4,12592.8046875,1820.88671875,754.486328125,725.3515625
2024-11-13 20:52:51,1.2,81.6,2792.046875,1507.390625,87.4,12592.8046875,1820.890625,754.486328125,725.3515625
2024-11-13 20:52:57,5.8,80.8,2815.25,1573.078125,87.4,12592.8046875,1820.796875,754.494140625,725.4091796875
2024-11-13 20:53:03,8.2,80.5,2861.984375,1597.53125,87.4,12592.8046875,1820.76171875,754.505859375,725.423828125
2024-11-13 20:53:09,3.4,81.4,2935.625,1525.5,87.4,12592.8046875,1820.7578125,754.505859375,725.423828125
2024-11-13 20:53:15,1.4,81.4,2932.03125,1520.203125,87.4,12592.8046875,1820.7265625,754.509765625,725.4296875
2024-11-13 20:53:21,1.2,80.8,2888.71875,1568.9375,87.4,12592.8046875,1820.69140625,754.5126953125,725.431640625
2024-11-13 20:53:27,0.8,80.8,2883.984375,1572.828125,87.4,12592.8046875,1820.6875,754.5126953125,725.431640625
2024-11-13 20:53:33,1.6,80.4,2850.640625,1608.921875,87.4,12592.8046875,1820.69921875,754.537109375,725.462890625
2024-11-13 20:53:39,5.2,81.4,2941.90625,1520.890625,87.4,12592.8046875,1820.6953125,754.5380859375,725.4638671875
2024-11-13 20:53:45,3.6,81.5,2949.375,1513.78125,87.4,12592.8046875,1820.69140625,754.5390625,725.4638671875
2024-11-13 20:53:51,35.4,82.4,2719.109375,1445.109375,87.4,12592.8046875,1819.17578125,754.5634765625,725.4951171875
2024-11-13 20:57:03,60.3,84.9,2805.0,1235.890625,87.4,12592.8046875,1815.58984375,754.6044921875,725.5263671875
2024-11-13 20:57:09,19.5,85.0,3132.671875,1231.046875,87.4,12592.8046875,1813.2578125,754.80078125,725.78515625
2024-11-13 20:57:15,25.4,79.9,2811.671875,1647.3125,87.4,12592.8046875,1811.984375,754.8720703125,725.87109375
2024-11-13 20:57:21,25.1,81.5,2925.171875,1514.34375,87.4,12592.8046875,1811.48046875,754.90234375,725.9169921875
2024-11-13 20:57:27,6.1,80.1,2885.8125,1629.9375,87.4,12592.8046875,1811.296875,754.9169921875,725.9296875
2024-11-13 20:57:33,29.2,80.4,2907.75,1603.3125,87.4,12592.8046875,1811.17578125,754.9228515625,725.9384765625
2024-11-13 20:57:39,20.2,79.9,2943.03125,1644.53125,87.4,12592.8046875,1810.703125,754.9228515625,725.9384765625
2024-11-13 20:57:45,34.3,82.8,3071.5625,1410.3125,87.4,12592.8046875,1820.21875,754.9560546875,726.009765625
2024-11-13 20:57:51,45.9,82.3,2957.25,1450.0625,87.4,12592.8046875,1823.04296875,754.9755859375,726.0361328125
2024-11-13 20:57:57,20.2,81.2,2980.46875,1541.171875,87.4,12592.8046875,1822.640625,755.0078125,726.0634765625
2024-11-13 20:58:03,17.8,80.7,2999.359375,1579.484375,87.4,12592.8046875,1822.20703125,755.021484375,726.078125
2024-11-13 20:58:09,14.3,81.7,3026.390625,1500.796875,87.4,12592.8046875,1821.84375,755.0224609375,726.078125
2024-11-13 20:58:15,14.5,81.1,3052.3125,1546.375,87.4,12592.8046875,1821.68359375,755.0361328125,726.0986328125
2024-11-13 20:58:21,11.2,80.6,3041.9375,1585.8125,87.4,12592.8046875,1821.66796875,755.037109375,726.099609375
2024-11-13 20:58:27,8.7,79.9,3078.78125,1646.65625,87.4,12592.8046875,1821.515625,755.0419921875,726.154296875
2024-11-13 20:58:33,8.8,79.6,3061.3125,1672.796875,87.4,12592.8046875,1821.51171875,755.0419921875,726.154296875
2024-11-13 20:58:39,7.9,79.2,3064.28125,1707.375,87.4,12592.8046875,1821.51171875,755.0556640625,726.171875
2024-11-13 20:58:45,11.4,80.8,3130.171875,1575.0,87.3,12592.8046875,1825.2265625,755.0693359375,726.189453125
2024-11-13 20:58:51,11.1,79.8,3011.5625,1654.890625,87.3,12592.8046875,1824.953125,755.0810546875,726.2060546875
2024-11-13 20:58:57,2.4,79.1,2965.59375,1711.375,87.3,12592.8046875,1824.80078125,755.0859375,726.2109375
2024-11-13 20:59:03,7.7,79.5,3073.078125,1681.03125,87.3,12592.8046875,1824.75,755.0869140625,726.212890625
2024-11-13 20:59:09,9.2,79.1,3084.015625,1709.484375,87.3,12592.8046875,1824.71875,755.1005859375,726.2275390625
2024-11-13 20:59:15,7.6,79.9,3136.59375,1648.890625,87.3,12592.8046875,1824.71484375,755.1005859375,726.228515625
2024-11-13 20:59:21,6.6,79.2,3094.984375,1702.71875,87.3,12592.8046875,1824.7109375,755.1015625,726.228515625
2024-11-13 20:59:27,9.6,79.1,3086.390625,1714.0,87.3,12592.8046875,1824.66796875,755.1044921875,726.23046875
2024-11-13 20:59:33,14.0,79.8,3090.171875,1656.125,87.3,12592.8046875,1824.57421875,755.1123046875,726.2392578125
2024-11-13 20:59:39,9.5,79.2,3043.546875,1703.75,87.3,12592.8046875,1824.484375,755.1123046875,726.240234375
2024-11-13 20:59:45,10.6,79.8,3098.875,1651.1875,87.3,12592.8046875,1824.48046875,755.1123046875,726.240234375
2024-11-13 20:59:51,4.9,79.8,3052.59375,1654.046875,87.3,12592.8046875,1824.296875,755.1181640625,726.2626953125
2024-11-13 20:59:57,7.3,80.1,3082.375,1632.546875,87.3,12592.8046875,1828.24609375,755.1181640625,726.2626953125
2024-11-13 21:00:03,18.3,80.4,3100.96875,1601.75,87.3,12592.8046875,1827.94921875,755.1455078125,726.2841796875
2024-11-13 21:00:09,12.7,80.1,3099.578125,1627.609375,87.3,12592.8046875,1827.90234375,755.15234375,726.2919921875
2024-11-13 21:00:15,3.7,79.0,2989.84375,1720.890625,87.3,12592.8046875,1827.88671875,755.15234375,726.2919921875
2024-11-13 21:00:21,10.5,80.6,3116.734375,1585.953125,87.3,12592.8046875,1827.88671875,755.15234375,726.29296875
2024-11-13 21:00:27,10.5,79.8,3053.359375,1650.71875,87.3,12592.8046875,1827.83984375,755.1552734375,726.294921875
2024-11-13 21:00:33,9.2,78.9,3000.25,1728.015625,87.3,12592.8046875,1827.82421875,755.1650390625,726.3037109375
2024-11-13 21:00:39,6.1,79.8,3019.296875,1653.1875,87.3,12592.8046875,1827.65234375,755.1748046875,726.3193359375
2024-11-13 21:00:45,14.1,80.5,3109.140625,1601.09375,87.3,12592.8046875,1827.4609375,755.1884765625,726.3349609375
2024-11-13 21:00:51,19.7,79.8,3035.59375,1654.578125,87.3,12592.8046875,1827.04296875,755.2060546875,726.37109375
2024-11-13 21:00:57,12.0,80.2,3034.234375,1620.15625,87.3,12592.8046875,1826.78125,755.2666015625,726.44921875
2024-11-13 21:01:03,14.8,80.1,3071.875,1627.328125,87.4,12592.8046875,1822.92578125,755.28515625,726.47265625
2024-11-13 21:01:09,10.6,79.3,3012.5,1695.890625,87.4,12592.8046875,1822.47265625,755.3193359375,726.546875
2024-11-13 21:01:15,10.9,80.3,3085.65625,1612.421875,87.4,12592.8046875,1822.140625,755.3193359375,726.546875
2024-11-13 21:01:21,14.4,79.8,3032.75,1658.234375,87.4,12592.8046875,1822.1484375,755.3193359375,726.5478515625
2024-11-13 21:01:27,16.0,81.8,3017.875,1494.265625,87.4,12592.8046875,1821.765625,755.36328125,726.5751953125
2024-11-13 21:01:33,12.9,81.4,2972.59375,1521.046875,87.4,12592.8046875,1821.27734375,755.5546875,726.6240234375
2024-11-13 21:01:39,32.0,81.2,3009.03125,1541.640625,87.4,12592.8046875,1820.6484375,755.5830078125,726.6435546875
2024-11-13 21:01:45,31.2,82.3,3028.4375,1446.296875,87.4,12592.8046875,1823.30078125,755.619140625,726.921875
2024-11-13 21:01:51,43.3,81.9,2994.6875,1485.859375,87.7,12592.8046875,1771.54296875,755.6484375,727.0576171875
2024-11-13 21:01:57,37.3,80.8,2905.890625,1570.5,87.7,12592.8046875,1770.72265625,755.65234375,727.14453125
2024-11-13 21:02:03,15.1,79.9,2888.171875,1650.140625,87.7,12592.8046875,1770.515625,755.6533203125,727.14453125
2024-11-13 21:02:09,15.5,79.5,2964.4375,1678.578125,87.7,12592.8046875,1770.453125,755.6865234375,727.1884765625
2024-11-13 21:02:15,23.2,80.9,3020.171875,1566.484375,87.7,12592.8046875,1769.296875,755.7470703125,727.2666015625
2024-11-13 21:02:21,2.7,80.0,2934.046875,1636.875,87.7,12592.8046875,1768.73046875,755.755859375,727.2685546875
2024-11-13 21:02:27,1.7,79.6,2955.0625,1673.921875,87.7,12592.8046875,1769.26953125,755.7734375,727.2958984375
2024-11-13 21:02:33,11.5,80.1,3026.78125,1629.625,87.7,12592.8046875,1769.26953125,755.7734375,727.2958984375
2024-11-13 21:02:39,2.4,79.8,3031.21875,1653.203125,87.7,12592.8046875,1769.15234375,755.783203125,727.3134765625
2024-11-13 21:02:45,18.6,79.9,2991.296875,1646.640625,87.7,12592.8046875,1770.2265625,755.7861328125,727.3134765625
2024-11-13 21:02:51,7.0,79.4,3011.015625,1686.328125,87.7,12592.8046875,1769.96484375,755.814453125,727.3544921875
2024-11-13 21:02:57,2.2,79.5,3026.796875,1675.296875,87.7,12592.8046875,1769.9140625,755.814453125,727.35546875
2024-11-13 21:03:03,3.7,79.3,3071.640625,1695.625,87.7,12592.8046875,1769.82421875,755.82421875,727.37109375
2024-11-13 21:03:09,3.0,79.3,3076.0625,1695.265625,87.7,12592.8046875,1769.03125,755.8623046875,727.4423828125
2024-11-13 21:03:15,11.0,79.3,3057.671875,1691.90625,87.7,12592.8046875,1768.99609375,755.880859375,727.45703125
2024-11-13 21:03:21,3.7,79.9,2977.59375,1643.09375,87.7,12592.8046875,1768.8671875,755.8857421875,727.462890625
2024-11-13 21:03:27,3.3,80.0,3008.078125,1641.328125,87.7,12592.8046875,1768.86328125,755.908203125,727.4912109375
2024-11-13 21:03:33,7.5,79.9,3005.25,1648.671875,87.7,12592.8046875,1768.859375,755.96875,727.5068359375
2024-11-13 21:03:39,26.7,79.4,2987.265625,1690.765625,87.4,12592.8046875,1823.51953125,756.02734375,727.5234375
2024-11-13 21:03:45,22.3,81.2,2951.3125,1536.453125,87.4,12592.8046875,1823.60546875,756.04296875,727.5322265625
2024-11-13 21:03:51,31.7,80.9,2984.1875,1562.09375,87.4,12592.8046875,1822.8359375,756.07421875,727.5615234375
2024-11-13 21:03:57,23.7,80.5,2927.15625,1600.90625,87.4,12592.8046875,1822.41015625,756.08984375,727.580078125
2024-11-13 21:04:03,31.0,80.3,2944.875,1614.9375,87.4,12592.8046875,1823.46484375,756.1630859375,727.671875
2024-11-13 21:04:09,17.7,79.9,2957.0,1648.203125,87.4,12592.8046875,1823.0390625,756.1748046875,727.6875
2024-11-13 21:04:15,20.8,80.7,2970.71875,1579.0625,87.4,12592.8046875,1822.71875,756.1875,727.73046875
2024-11-13 21:04:21,11.9,80.7,3008.203125,1582.140625,87.4,12592.8046875,1822.53125,756.1904296875,727.7392578125
2024-11-13 21:04:27,26.9,80.3,3020.171875,1616.921875,87.3,12592.8046875,1826.16015625,756.2099609375,727.763671875
2024-11-13 21:04:33,9.4,80.8,2960.484375,1574.1875,87.3,12592.8046875,1828.17578125,756.21875,727.771484375
2024-11-13 21:04:39,5.0,80.5,2981.671875,1599.515625,87.3,12592.8046875,1827.90234375,756.21875,727.771484375
2024-11-13 21:04:45,7.5,80.5,2996.65625,1601.390625,87.3,12592.8046875,1827.89453125,756.2236328125,727.7763671875
2024-11-13 21:04:51,15.3,79.1,3110.765625,1714.765625,87.3,12592.8046875,1827.8515625,756.2578125,727.810546875
2024-11-13 21:04:57,3.1,78.7,3065.859375,1748.640625,87.3,12592.8046875,1828.94921875,756.2724609375,727.8408203125
2024-11-13 21:05:03,3.6,78.0,3030.46875,1799.109375,87.3,12592.8046875,1828.94921875,756.2724609375,727.84375
2024-11-13 21:05:09,2.5,79.4,3048.234375,1686.40625,87.3,12592.8046875,1828.74609375,756.330078125,727.91015625
2024-11-13 21:05:15,1.7,79.3,3052.875,1695.203125,87.3,12592.8046875,1828.6875,756.3369140625,727.91796875
2024-11-13 21:05:21,11.8,78.5,3011.71875,1757.453125,87.3,12592.8046875,1832.0234375,756.3544921875,727.9521484375
2024-11-13 21:05:27,15.5,78.5,3008.734375,1762.46875,87.3,12592.8046875,1830.95703125,756.380859375,727.990234375
2024-11-13 21:05:33,9.6,79.8,3072.703125,1654.734375,87.3,12592.8046875,1830.94140625,756.3828125,727.9921875
2024-11-13 21:05:39,9.0,80.2,3065.859375,1626.046875,87.3,12592.8046875,1830.78515625,756.3828125,727.9931640625
2024-11-13 21:05:45,14.3,79.7,3097.28125,1662.296875,87.3,12592.8046875,1830.14453125,756.4130859375,728.017578125
2024-11-13 21:05:51,2.1,79.3,3045.9375,1695.53125,87.3,12592.8046875,1830.140625,756.431640625,728.0263671875
2024-11-13 21:05:57,2.1,79.1,3041.765625,1715.078125,87.3,12592.8046875,1830.44140625,756.431640625,728.0263671875
2024-11-13 21:06:03,9.2,79.2,3076.203125,1699.921875,87.3,12592.8046875,1830.265625,756.4326171875,728.02734375
2024-11-13 21:06:09,7.9,79.5,3092.484375,1680.328125,87.3,12592.8046875,1830.0703125,756.4931640625,728.134765625
2024-11-13 21:06:15,5.2,79.5,3098.59375,1675.5,87.3,12592.8046875,1829.94140625,756.5048828125,728.16796875
2024-11-13 21:06:21,14.2,79.5,3122.234375,1683.453125,87.3,12592.8046875,1829.93359375,756.51171875,728.17578125
2024-11-13 21:06:27,11.0,79.3,3112.96875,1693.359375,87.3,12592.8046875,1829.8984375,756.5302734375,728.1904296875
2024-11-13 21:06:33,11.5,79.0,3107.5,1716.453125,87.3,12592.8046875,1829.890625,756.53125,728.19140625
2024-11-13 21:06:39,12.2,79.0,3127.796875,1722.703125,87.3,12592.8046875,1829.19921875,756.53515625,728.2001953125
2024-11-13 21:06:45,6.5,78.8,3109.984375,1738.40625,87.3,12592.8046875,1829.08203125,756.552734375,728.212890625
2024-11-13 21:06:51,10.6,79.0,3147.265625,1722.453125,87.3,12592.8046875,1829.0546875,756.556640625,728.2177734375
2024-11-13 21:06:57,8.4,78.4,3113.0625,1765.515625,87.3,12592.8046875,1829.05078125,756.568359375,728.2275390625
2024-11-13 21:07:03,9.7,78.7,3150.375,1747.28125,87.3,12592.8046875,1829.03515625,756.5732421875,728.23046875
2024-11-13 21:07:09,9.8,78.7,3159.890625,1744.203125,87.3,12592.8046875,1828.88671875,756.58203125,728.2412109375
2024-11-13 21:07:15,4.1,78.4,3147.15625,1772.734375,87.3,12592.8046875,1828.77734375,756.5888671875,728.24609375
2024-11-13 21:07:21,11.6,78.9,3168.171875,1728.515625,87.3,12592.8046875,1828.765625,756.59375,728.251953125
2024-11-13 21:07:27,4.2,78.6,3144.21875,1752.21875,87.3,12592.8046875,1828.76171875,756.59375,728.251953125
2024-11-13 21:07:33,11.4,78.5,3102.90625,1762.453125,87.3,12592.8046875,1828.59765625,756.59375,728.2529296875
2024-11-13 21:07:40,5.0,78.5,3032.75,1760.59375,87.3,12592.8046875,1830.74609375,756.6005859375,728.26171875
2024-11-13 21:07:46,5.4,79.2,3082.59375,1705.703125,87.3,12592.8046875,1830.65625,756.6142578125,728.2744140625
2024-11-13 21:07:52,6.1,78.4,3035.875,1770.53125,87.3,12592.8046875,1830.5078125,756.6259765625,728.2822265625
2024-11-13 21:07:58,16.8,79.2,3161.359375,1703.625,87.3,12592.8046875,1831.8046875,756.650390625,728.3271484375
2024-11-13 21:08:04,5.1,78.7,3120.828125,1748.359375,87.3,12592.8046875,1830.9453125,756.7041015625,728.3740234375
2024-11-13 21:08:10,9.2,78.1,3100.71875,1796.703125,87.3,12592.8046875,1835.26953125,756.73828125,728.4072265625
2024-11-13 21:08:16,12.9,79.5,3188.6875,1675.65625,87.3,12592.8046875,1834.984375,756.744140625,728.4130859375
2024-11-13 21:08:22,11.8,79.8,3117.171875,1655.75,87.3,12592.8046875,1834.765625,756.7509765625,728.4208984375
2024-11-13 21:08:28,4.8,78.6,3042.609375,1756.78125,87.3,12592.8046875,1834.65625,756.779296875,728.4599609375
2024-11-13 21:08:34,8.1,78.9,3132.109375,1728.59375,87.3,12592.8046875,1834.53125,756.791015625,728.4736328125
2024-11-13 21:08:40,5.4,78.8,3138.234375,1739.234375,87.3,12592.8046875,1834.4296875,756.8046875,728.482421875
2024-11-13 21:08:46,10.6,78.5,3168.015625,1761.125,87.3,12592.8046875,1834.41015625,756.8076171875,728.486328125
2024-11-13 21:08:52,5.0,78.2,3188.84375,1786.203125,87.3,12592.8046875,1834.40234375,756.83203125,728.5078125
2024-11-13 21:08:58,10.6,78.1,3195.21875,1794.390625,87.3,12592.8046875,1834.38671875,756.841796875,728.515625
2024-11-13 21:09:04,4.2,77.9,3193.0,1811.703125,87.3,12592.8046875,1834.30859375,756.8525390625,728.525390625
2024-11-13 21:09:10,13.9,77.8,3198.765625,1818.375,87.3,12592.8046875,1834.17578125,756.8525390625,728.525390625
2024-11-13 21:09:16,17.4,77.9,3210.546875,1808.921875,87.3,12592.8046875,1834.203125,756.8603515625,728.533203125
2024-11-13 21:09:22,17.7,78.0,3208.59375,1802.421875,87.3,12592.8046875,1834.23828125,756.869140625,728.541015625
2024-11-13 21:09:28,14.7,78.3,3091.984375,1778.75,87.3,12592.8046875,1833.96875,756.8701171875,728.5419921875
2024-11-13 21:09:34,30.0,79.5,3059.515625,1681.859375,87.3,12592.8046875,1833.7265625,756.990234375,728.5693359375
2024-11-13 21:09:40,31.2,79.4,3079.734375,1684.59375,87.3,12592.8046875,1833.203125,756.9970703125,728.609375
2024-11-13 21:09:46,14.4,79.6,3071.28125,1667.90625,87.3,12592.8046875,1833.1328125,757.025390625,728.6533203125
2024-11-13 21:09:52,13.0,79.9,3081.421875,1646.984375,87.3,12592.8046875,1832.9765625,757.0361328125,728.6650390625
2024-11-13 21:09:58,6.9,79.3,3067.484375,1695.65625,87.3,12592.8046875,1832.9609375,757.0361328125,728.6650390625
2024-11-13 21:10:04,5.6,78.7,3038.140625,1742.546875,87.3,12592.8046875,1832.453125,757.0458984375,728.673828125
2024-11-13 21:10:10,18.4,78.6,3104.8125,1750.890625,87.3,12592.8046875,1832.171875,757.0576171875,728.6875
2024-11-13 21:10:16,20.9,79.2,3124.578125,1700.015625,87.3,12592.8046875,1831.87890625,757.103515625,728.7333984375
2024-11-13 21:10:22,30.4,81.3,3068.90625,1533.90625,87.3,12592.8046875,1831.34765625,757.119140625,728.7705078125
2024-11-13 21:10:28,20.8,80.4,2999.25,1604.546875,87.3,12592.8046875,1830.43359375,757.162109375,728.8271484375
2024-11-13 21:10:34,22.5,80.3,2986.796875,1617.203125,87.3,12592.8046875,1830.6015625,757.1669921875,728.837890625
2024-11-13 21:10:40,12.7,81.2,3071.125,1538.921875,87.3,12592.8046875,1830.0859375,757.1728515625,728.8505859375
2024-11-13 21:10:46,16.8,80.7,2985.265625,1583.171875,87.3,12592.8046875,1839.7734375,757.17578125,728.884765625
2024-11-13 21:10:52,10.7,80.0,3066.46875,1636.40625,87.3,12592.8046875,1839.75390625,757.1875,728.900390625
2024-11-13 21:10:58,19.6,79.6,3120.890625,1669.515625,87.3,12592.8046875,1839.3671875,757.2041015625,728.9140625
2024-11-13 21:11:04,10.5,79.3,3041.25,1693.25,87.3,12592.8046875,1839.3046875,757.208984375,728.966796875
2024-11-13 21:11:10,11.0,79.5,3093.078125,1683.21875,87.3,12592.8046875,1839.1640625,757.2265625,728.998046875
2024-11-13 21:11:16,3.8,79.3,3087.203125,1695.96875,87.3,12592.8046875,1839.08984375,757.2275390625,728.9990234375
2024-11-13 21:11:22,7.1,79.3,3115.15625,1693.21875,87.2,12592.8046875,1842.953125,757.2275390625,728.9990234375
2024-11-13 21:11:28,10.3,79.1,3095.25,1714.8125,87.2,12592.8046875,1842.9453125,757.2421875,729.01953125
2024-11-13 21:11:34,2.0,78.7,3110.09375,1742.140625,87.2,12592.8046875,1842.9375,757.2509765625,729.0283203125
2024-11-13 21:11:40,7.6,78.9,3162.21875,1728.78125,87.2,12592.8046875,1842.88671875,757.251953125,729.029296875
2024-11-13 21:11:46,2.1,78.9,3135.671875,1727.59375,87.2,12592.8046875,1842.88671875,757.259765625,729.037109375
2024-11-13 21:11:52,9.5,78.4,3123.28125,1771.828125,87.2,12592.8046875,1842.8828125,757.259765625,729.037109375
2024-11-13 21:11:58,11.3,78.0,3100.109375,1804.515625,87.2,12592.8046875,1842.78125,757.263671875,729.044921875
2024-11-13 21:12:04,9.6,78.5,3148.796875,1761.3125,87.2,12592.8046875,1842.78515625,757.2646484375,729.0458984375
2024-11-13 21:12:10,10.9,78.2,3130.234375,1782.953125,87.2,12592.8046875,1842.78515625,757.2646484375,729.0458984375
2024-11-13 21:12:16,13.7,79.8,3187.875,1654.625,87.2,12592.8046875,1842.3984375,757.279296875,729.064453125
2024-11-13 21:12:22,10.6,78.9,3128.015625,1729.8125,87.2,12592.8046875,1842.34375,757.294921875,729.0859375
2024-11-13 21:12:28,13.2,78.6,3159.640625,1756.203125,87.2,12592.8046875,1842.3359375,757.3388671875,729.1015625
2024-11-13 21:12:34,17.3,78.4,3165.953125,1771.46875,87.2,12592.8046875,1842.3203125,757.3876953125,729.146484375
2024-11-13 21:12:40,15.9,79.4,3182.03125,1690.78125,87.2,12592.8046875,1842.16796875,757.4091796875,729.1845703125
2024-11-13 21:12:46,11.5,78.3,3115.984375,1778.671875,87.2,12592.8046875,1842.1328125,757.4130859375,729.1845703125
2024-11-13 21:12:52,10.4,78.4,3135.6875,1770.640625,87.2,12592.8046875,1842.046875,757.4130859375,729.1845703125
2024-11-13 21:12:58,11.6,78.6,3189.265625,1755.8125,87.2,12592.8046875,1848.97265625,757.4130859375,729.185546875
2024-11-13 21:13:04,4.2,78.0,3161.453125,1798.984375,87.2,12592.8046875,1848.953125,757.4130859375,729.185546875
2024-11-13 21:13:10,10.5,80.4,3093.15625,1602.109375,87.2,12592.8046875,1848.91796875,757.4267578125,729.2021484375
2024-11-13 21:13:16,11.4,77.7,2884.625,1825.6875,87.2,12592.8046875,1848.83984375,757.4267578125,729.2021484375
2024-11-13 21:13:22,10.7,78.2,2982.484375,1784.5625,87.2,12592.8046875,1849.1171875,757.4267578125,729.2021484375
2024-11-13 21:13:28,17.7,78.8,3059.59375,1736.90625,87.2,12592.8046875,1848.76953125,757.427734375,729.2021484375
2024-11-13 21:13:34,6.0,80.2,3096.0,1619.9375,87.2,12592.8046875,1847.1171875,757.4345703125,729.2197265625
2024-11-13 21:13:40,10.9,79.4,3049.734375,1686.390625,87.2,12592.8046875,1847.11328125,757.4345703125,729.2197265625
2024-11-13 21:13:46,6.0,79.4,3097.40625,1687.140625,87.2,12592.8046875,1846.96484375,757.4345703125,729.220703125
2024-11-13 21:13:52,9.1,79.2,3121.40625,1706.609375,87.2,12592.8046875,1846.95703125,757.4345703125,729.220703125
2024-11-13 21:13:58,2.1,78.4,3102.65625,1773.40625,87.2,12592.8046875,1846.8515625,757.447265625,729.2265625
2024-11-13 21:14:04,8.3,79.4,3140.875,1686.90625,87.2,12592.8046875,1847.99609375,757.4541015625,729.234375
2024-11-13 21:14:10,2.9,77.7,3096.078125,1827.734375,87.2,12592.8046875,1846.25,757.4912109375,729.2587890625
2024-11-13 21:14:16,6.9,78.4,3188.359375,1767.046875,87.2,12592.8046875,1847.0625,757.49609375,729.26953125
2024-11-13 21:14:22,9.0,77.3,3188.734375,1858.15625,87.2,12592.8046875,1846.91796875,757.5009765625,729.27734375
2024-11-13 21:14:28,6.1,77.4,3221.96875,1852.703125,87.2,12592.8046875,1846.890625,757.5166015625,729.291015625
2024-11-13 21:14:34,9.0,77.2,3224.125,1865.421875,87.2,12592.8046875,1846.71484375,757.5400390625,729.3046875
2024-11-13 21:14:40,12.6,77.3,3217.0,1857.90625,87.2,12592.8046875,1846.7265625,757.5400390625,729.3056640625
2024-11-13 21:14:46,2.0,76.3,3149.5,1937.796875,87.2,12592.8046875,1846.72265625,757.5634765625,729.3193359375
2024-11-13 21:14:52,6.4,76.5,3184.046875,1922.9375,87.2,12592.8046875,1846.6875,757.576171875,729.3251953125
2024-11-13 21:14:58,6.0,76.5,3184.03125,1926.265625,87.2,12592.8046875,1846.6640625,757.5810546875,729.33203125
2024-11-13 21:15:04,4.6,76.6,3247.09375,1913.859375,87.2,12592.8046875,1846.6328125,757.5947265625,729.3388671875
2024-11-13 21:15:10,15.1,77.0,3237.984375,1882.796875,87.1,12592.8046875,1868.23046875,757.6259765625,729.3642578125
2024-11-13 21:15:16,26.1,78.0,3177.84375,1800.90625,87.1,12592.8046875,1867.8984375,757.626953125,729.365234375
2024-11-13 21:15:22,28.4,78.0,3172.75,1800.953125,87.1,12592.8046875,1867.79296875,757.634765625,729.3681640625
2024-11-13 21:15:28,18.2,77.5,3117.75,1841.71875,87.1,12592.8046875,1868.578125,757.6357421875,729.369140625
2024-11-13 21:15:34,12.6,78.2,3181.984375,1786.34375,87.1,12592.8046875,1868.0234375,757.66796875,729.44921875
2024-11-13 21:15:40,4.1,77.5,3118.53125,1846.6875,87.1,12592.8046875,1867.97265625,757.66796875,729.44921875
2024-11-13 21:15:46,11.1,78.3,3168.6875,1776.453125,87.1,12592.8046875,1867.19140625,757.693359375,729.486328125
2024-11-13 21:15:52,12.2,77.9,3183.359375,1810.46875,87.1,12592.8046875,1866.9375,757.7001953125,729.4931640625
2024-11-13 21:15:58,2.1,77.6,3178.375,1834.28125,87.1,12592.8046875,1866.90625,757.7080078125,729.4990234375
2024-11-13 21:16:04,10.4,77.6,3198.390625,1835.9375,87.1,12592.8046875,1866.8359375,757.71875,729.5576171875
2024-11-13 21:16:10,6.6,77.2,3248.203125,1869.0625,87.1,12592.8046875,1866.79296875,757.740234375,729.5703125
2024-11-13 21:16:16,7.7,77.3,3257.8125,1859.3125,87.1,12592.8046875,1866.6875,757.7421875,729.572265625
2024-11-13 21:16:22,19.5,76.8,3243.625,1896.671875,87.1,12592.8046875,1866.86328125,757.7470703125,729.5791015625
2024-11-13 21:16:28,13.4,77.3,3306.65625,1862.953125,87.1,12592.8046875,1866.765625,757.7470703125,729.5791015625
2024-11-13 21:16:34,22.2,77.3,3089.4375,1856.96875,87.1,12592.8046875,1866.20703125,757.755859375,729.5927734375
2024-11-13 21:16:40,2.7,78.0,3177.046875,1799.40625,87.1,12592.8046875,1866.16796875,757.755859375,729.5927734375
2024-11-13 21:16:46,15.2,77.8,3150.359375,1818.390625,87.1,12592.8046875,1866.02734375,757.755859375,729.5927734375
2024-11-13 21:16:52,8.2,77.7,3156.203125,1823.0,87.1,12592.8046875,1865.76171875,757.755859375,729.5927734375
2024-11-13 21:16:58,22.5,77.7,3170.78125,1824.21875,87.1,12592.8046875,1867.4921875,757.7568359375,729.6005859375
2024-11-13 21:17:04,24.9,77.8,3155.203125,1819.453125,87.1,12592.8046875,1866.90625,757.759765625,729.62890625
2024-11-13 21:17:10,14.8,78.3,3188.296875,1780.015625,87.1,12592.8046875,1865.8359375,757.80078125,729.693359375
2024-11-13 21:17:16,18.8,79.3,3124.78125,1699.765625,87.1,12592.8046875,1865.328125,757.8076171875,729.6962890625
2024-11-13 21:17:22,7.6,78.9,3156.015625,1728.515625,87.1,12592.8046875,1865.625,757.8408203125,729.7314453125
2024-11-13 21:17:28,13.9,78.6,3174.21875,1754.53125,87.1,12592.8046875,1865.390625,757.845703125,729.7314453125
2024-11-13 21:17:34,12.0,77.6,3187.4375,1833.640625,87.1,12592.8046875,1865.37890625,757.8623046875,729.74609375
2024-11-13 21:17:40,10.9,77.3,3193.671875,1858.375,87.1,12592.8046875,1865.37890625,757.87890625,729.7529296875
2024-11-13 21:17:46,2.2,77.1,3216.90625,1874.65625,87.1,12592.8046875,1865.21875,757.8916015625,729.7587890625
2024-11-13 21:17:52,8.7,77.1,3224.234375,1878.84375,87.1,12592.8046875,1865.2109375,757.8974609375,729.759765625
2024-11-13 21:17:58,8.5,76.4,3182.15625,1937.359375,87.1,12592.8046875,1865.20703125,757.904296875,729.7607421875
2024-11-13 21:18:04,7.7,76.7,3216.40625,1907.28125,87.1,12592.8046875,1865.20703125,757.91015625,729.76171875
2024-11-13 21:18:10,11.9,75.9,3302.1875,1974.234375,87.1,12592.8046875,1865.18359375,757.9208984375,729.765625
2024-11-13 21:18:16,8.2,75.9,3302.984375,1977.875,87.1,12592.8046875,1865.1484375,757.93359375,729.7724609375
2024-11-13 21:18:23,2.1,75.7,3299.8125,1988.46875,87.1,12592.8046875,1865.1484375,757.947265625,729.7783203125
2024-11-13 21:18:29,14.7,74.8,3249.734375,2064.640625,87.1,12592.8046875,1865.01953125,757.947265625,729.779296875
2024-11-13 21:18:35,7.5,75.6,3295.3125,1996.421875,87.1,12592.8046875,1865.01953125,757.947265625,729.779296875
2024-11-13 21:18:41,8.5,75.8,3315.75,1985.453125,87.1,12592.8046875,1865.015625,757.9482421875,729.78515625
2024-11-13 21:18:47,11.0,76.4,3314.859375,1930.25,87.1,12592.8046875,1864.7265625,757.9755859375,729.81640625
2024-11-13 21:18:53,3.1,76.1,3293.375,1958.828125,87.1,12592.8046875,1864.6953125,757.9931640625,729.82421875
2024-11-13 21:18:59,10.6,76.2,3309.640625,1950.890625,87.1,12592.8046875,1864.6953125,758.0126953125,729.8349609375
2024-11-13 21:19:05,8.6,76.0,3306.0,1965.03125,87.1,12592.8046875,1864.37890625,758.029296875,729.84765625
2024-11-13 21:19:11,6.9,76.2,3319.375,1948.296875,87.1,12592.8046875,1864.328125,758.0556640625,729.8837890625
2024-11-13 21:19:17,11.1,75.9,3291.46875,1976.28125,87.1,12592.8046875,1864.30078125,758.0732421875,729.8974609375
2024-11-13 21:19:23,6.7,75.7,3281.921875,1987.6875,87.1,12592.8046875,1864.26171875,758.0888671875,729.904296875
2024-11-13 21:19:29,14.4,76.0,3300.40625,1969.421875,87.1,12592.8046875,1864.2421875,758.0888671875,729.904296875
2024-11-13 21:19:35,9.7,75.7,3281.96875,1989.796875,87.1,12592.8046875,1864.20703125,758.1005859375,729.9111328125
2024-11-13 21:19:41,23.6,76.8,3303.609375,1904.5625,87.1,12592.8046875,1867.60546875,758.1064453125,729.9267578125
2024-11-13 21:19:47,5.3,76.1,3263.171875,1959.59375,87.1,12592.8046875,1867.359375,758.125,729.9521484375
2024-11-13 21:19:53,5.4,76.0,3264.578125,1963.703125,87.1,12592.8046875,1867.3515625,758.1455078125,729.955078125
2024-11-13 21:19:59,8.1,76.1,3261.84375,1960.546875,87.1,12592.8046875,1867.34765625,758.2177734375,729.9716796875
2024-11-13 21:20:05,2.1,75.9,3257.390625,1975.125,87.1,12592.8046875,1867.2578125,758.23046875,729.9775390625
2024-11-13 21:20:11,3.1,74.4,3153.921875,2093.75,87.1,12592.8046875,1867.2578125,758.2451171875,729.9814453125
2024-11-13 21:20:17,11.3,75.4,3236.21875,2012.75,87.1,12592.8046875,1867.25390625,758.2451171875,729.9814453125
2024-11-13 21:20:23,2.0,74.8,3186.125,2063.984375,87.1,12592.8046875,1867.24609375,758.24609375,729.982421875
2024-11-13 21:20:29,1.5,74.9,3195.34375,2057.875,87.1,12592.8046875,1867.22265625,758.24609375,729.982421875
2024-11-13 21:20:35,1.4,74.8,3189.03125,2066.0625,87.1,12592.8046875,1867.22265625,758.25390625,729.9921875
2024-11-13 21:20:41,1.7,74.6,3178.703125,2078.40625,87.1,12592.8046875,1867.015625,758.25390625,729.9931640625
2024-11-13 21:20:47,3.7,74.8,3193.078125,2063.4375,87.1,12592.8046875,1866.96484375,758.2587890625,729.998046875
2024-11-13 21:20:53,13.8,75.2,3244.90625,2031.28125,87.1,12592.8046875,1866.98046875,758.2587890625,729.998046875
2024-11-13 21:20:59,10.5,76.1,3226.15625,1960.859375,87.1,12592.8046875,1866.828125,758.2587890625,729.998046875
2024-11-13 21:21:05,25.4,79.0,3166.046875,1717.765625,87.1,12592.8046875,1866.28125,758.2890625,730.0927734375
2024-11-13 21:21:11,23.6,80.3,3069.234375,1613.65625,87.1,12592.8046875,1865.09765625,758.4833984375,730.2119140625
2024-11-13 21:21:17,33.6,81.5,2957.546875,1517.609375,87.1,12592.8046875,1864.69140625,758.5830078125,730.2900390625
2024-11-13 21:21:23,27.7,81.7,3068.109375,1495.5625,87.2,12592.8046875,1842.8828125,758.6455078125,730.3408203125
2024-11-13 21:21:29,13.0,80.4,3018.875,1609.296875,87.2,12592.8046875,1842.19921875,758.6484375,730.341796875
2024-11-13 21:21:35,7.5,80.6,3115.09375,1586.4375,87.2,12592.8046875,1842.05078125,758.6533203125,730.3505859375
2024-11-13 21:21:41,15.4,80.0,3124.65625,1634.46875,87.2,12592.8046875,1841.66796875,758.654296875,730.3515625
2024-11-13 21:21:47,5.7,79.2,3081.75,1706.8125,87.2,12592.8046875,1841.13671875,758.6748046875,730.373046875
2024-11-13 21:21:53,25.7,79.4,3055.078125,1690.171875,87.2,12592.8046875,1840.84765625,758.689453125,730.38671875
2024-11-13 21:21:59,3.0,78.8,3029.453125,1738.125,87.2,12592.8046875,1840.58203125,758.6962890625,730.392578125
2024-11-13 21:22:05,3.4,78.7,3078.734375,1745.0625,87.2,12592.8046875,1840.52734375,758.701171875,730.39453125
2024-11-13 21:22:11,4.4,79.1,3124.078125,1713.140625,87.2,12592.8046875,1840.42578125,758.7109375,730.40625
2024-11-13 21:22:17,27.5,78.8,3122.421875,1739.234375,87.2,12592.8046875,1844.6171875,758.7216796875,730.41796875
2024-11-13 21:22:23,16.4,78.5,3105.59375,1762.140625,87.3,12592.8046875,1839.65234375,758.72265625,730.41796875
2024-11-13 21:22:29,21.3,78.6,3146.203125,1754.671875,87.3,12592.8046875,1837.125,758.7275390625,730.4189453125
2024-11-13 21:22:35,54.4,79.1,3031.515625,1713.671875,87.3,12592.8046875,1836.03515625,758.751953125,730.4814453125
2024-11-13 21:22:41,70.8,80.3,2981.734375,1614.109375,87.3,12592.8046875,1828.30859375,758.796875,730.5791015625
2024-11-13 21:22:47,26.5,80.0,2982.515625,1638.546875,87.3,12592.8046875,1828.30078125,758.8193359375,730.673828125
2024-11-13 21:22:53,31.5,79.9,2987.703125,1645.359375,87.4,12592.8046875,1817.08984375,758.8505859375,730.7939453125
2024-11-13 21:22:59,17.2,80.1,3025.21875,1632.53125,87.5,12592.8046875,1794.2734375,758.8662109375,730.822265625
2024-11-13 21:23:05,37.4,80.3,3025.828125,1617.328125,87.4,12592.8046875,1810.91015625,758.876953125,730.826171875
2024-11-13 21:23:11,15.4,81.1,3119.609375,1547.15625,87.4,12592.8046875,1809.42578125,758.9052734375,730.8525390625
2024-11-13 21:23:17,27.2,83.0,3077.984375,1396.609375,87.5,12592.8046875,1803.828125,758.9453125,730.9345703125
2024-11-13 21:23:23,37.2,82.7,3025.734375,1417.59375,87.5,12592.8046875,1807.0703125,758.94921875,730.935546875
2024-11-13 21:23:29,39.9,80.6,3003.40625,1586.859375,87.4,12592.8046875,1814.78125,758.9638671875,730.955078125
2024-11-13 21:23:35,5.4,81.1,3055.421875,1549.765625,87.3,12592.8046875,1830.46875,758.9638671875,730.955078125
2024-11-13 21:23:41,6.0,80.3,3037.21875,1613.140625,87.3,12592.8046875,1830.37109375,758.9697265625,730.9619140625
2024-11-13 21:23:47,12.7,79.7,3027.6875,1663.40625,87.3,12592.8046875,1830.34765625,759.025390625,730.98046875
2024-11-13 21:23:53,10.5,79.3,3028.078125,1699.640625,87.3,12592.8046875,1830.33984375,759.0283203125,730.986328125
2024-11-13 21:23:59,4.2,78.3,2960.6875,1781.046875,87.3,12592.8046875,1830.1875,759.046875,730.994140625
2024-11-13 21:24:05,7.7,79.0,3127.75,1716.46875,87.3,12592.8046875,1829.76953125,759.0615234375,731.0087890625
2024-11-13 21:24:11,5.7,79.1,3163.296875,1712.609375,87.3,12592.8046875,1829.74609375,759.0634765625,731.0107421875
2024-11-13 21:24:17,14.6,79.7,3071.0,1662.5,87.3,12592.8046875,1832.53125,759.1572265625,731.1220703125
2024-11-13 21:24:23,7.8,79.1,3049.609375,1710.078125,87.3,12592.8046875,1832.4296875,759.18359375,731.142578125
2024-11-13 21:24:29,19.3,82.1,2906.734375,1466.328125,87.3,12592.8046875,1825.8671875,759.3896484375,734.23828125
2024-11-13 21:24:35,8.1,82.7,2876.78125,1416.359375,87.4,12592.8046875,1820.88671875,759.51171875,735.556640625
2024-11-13 21:24:41,3.1,82.2,2904.9375,1456.375,87.4,12592.8046875,1820.59375,759.5126953125,735.5595703125
2024-11-13 21:24:47,19.7,81.8,3020.109375,1493.40625,87.3,12592.8046875,1824.02734375,759.5185546875,735.5654296875
2024-11-13 21:24:53,6.5,80.9,2963.796875,1563.140625,87.3,12592.8046875,1823.875,759.52734375,735.5751953125
2024-11-13 21:24:59,5.5,80.7,2962.125,1579.875,87.3,12592.8046875,1823.94140625,759.5341796875,735.587890625
2024-11-13 21:25:05,7.1,80.7,3007.9375,1580.140625,87.3,12592.8046875,1823.91796875,759.53515625,735.5888671875
2024-11-13 21:25:11,7.9,80.0,2957.59375,1634.734375,87.3,12592.8046875,1823.8828125,759.5517578125,735.6064453125
2024-11-13 21:25:17,8.6,79.8,2954.828125,1651.828125,87.3,12592.8046875,1823.8828125,759.552734375,735.607421875
2024-11-13 21:25:23,8.0,79.9,2979.8125,1647.21875,87.3,12592.8046875,1823.76953125,759.552734375,735.607421875
2024-11-13 21:25:29,1.2,79.5,2955.21875,1680.125,87.3,12592.8046875,1823.7421875,759.552734375,735.607421875
2024-11-13 21:25:35,30.8,79.7,2938.0625,1666.90625,87.4,12592.8046875,1823.16796875,759.5712890625,735.64453125
2024-11-13 21:25:41,26.2,79.3,2956.609375,1693.546875,87.4,12592.8046875,1822.90234375,759.5751953125,735.6572265625
2024-11-13 21:25:47,4.5,79.3,2948.171875,1694.171875,87.4,12592.8046875,1822.02734375,759.5810546875,735.7744140625
2024-11-13 21:25:53,4.6,79.8,3005.109375,1651.859375,87.4,12592.8046875,1821.8203125,759.5888671875,735.7861328125
2024-11-13 21:25:59,5.4,79.7,2991.796875,1664.046875,87.4,12592.8046875,1821.6015625,759.59765625,735.7958984375
2024-11-13 21:26:05,10.6,79.7,3009.53125,1663.1875,87.4,12592.8046875,1821.5546875,759.6025390625,735.8486328125
2024-11-13 21:26:11,1.1,79.3,2983.0625,1694.1875,87.4,12592.8046875,1821.48046875,759.607421875,735.857421875
2024-11-13 21:26:17,7.1,80.3,2994.09375,1613.3125,87.4,12592.8046875,1821.4609375,759.6162109375,735.87109375
2024-11-13 21:26:23,11.5,80.2,2992.03125,1618.703125,87.4,12592.8046875,1821.19140625,759.626953125,735.8857421875
2024-11-13 21:26:29,16.3,80.1,3004.84375,1628.3125,87.4,12592.8046875,1821.17578125,759.6455078125,735.8994140625
2024-11-13 21:26:35,8.1,80.0,3003.0625,1641.6875,87.4,12592.8046875,1821.171875,759.671875,735.9248046875
2024-11-13 21:26:41,11.8,79.8,3004.53125,1654.1875,87.4,12592.8046875,1821.58203125,759.6728515625,735.9248046875
2024-11-13 21:26:47,9.2,79.6,3011.90625,1668.8125,87.4,12592.8046875,1821.58203125,759.6767578125,735.9306640625
2024-11-13 21:26:53,11.0,79.6,3046.75,1669.953125,87.4,12592.8046875,1821.41015625,759.677734375,735.9306640625
2024-11-13 21:26:59,2.0,79.7,3043.984375,1659.75,87.4,12592.8046875,1821.41015625,759.69140625,735.943359375
2024-11-13 21:27:05,17.6,79.9,3063.9375,1650.125,87.4,12592.8046875,1821.33984375,759.6923828125,735.943359375
2024-11-13 21:27:11,13.2,79.4,3042.359375,1690.625,87.4,12592.8046875,1821.3203125,759.7041015625,735.9560546875
2024-11-13 21:27:17,11.7,79.4,3033.1875,1685.859375,87.4,12592.8046875,1821.2734375,759.7109375,735.96875
2024-11-13 21:27:23,5.4,79.5,3044.078125,1678.03125,87.4,12592.8046875,1821.15625,759.7236328125,735.978515625
2024-11-13 21:27:29,1.7,79.6,3048.234375,1674.65625,87.4,12592.8046875,1821.15625,759.7373046875,735.9931640625
2024-11-13 21:27:35,8.7,79.3,3024.890625,1692.140625,87.3,12592.8046875,1830.09765625,759.75390625,736.0078125
2024-11-13 21:27:41,23.1,80.1,3000.265625,1627.6875,87.3,12592.8046875,1829.49609375,759.7578125,736.01953125
2024-11-13 21:27:47,47.6,81.0,2927.078125,1559.46875,87.3,12592.8046875,1828.61328125,759.8046875,736.0986328125
2024-11-13 21:27:53,27.5,80.8,2947.859375,1571.96875,87.3,12592.8046875,1828.859375,759.8046875,736.0986328125
2024-11-13 21:27:59,22.0,81.0,2937.796875,1552.921875,87.3,12592.8046875,1828.6484375,759.806640625,736.107421875
2024-11-13 21:28:05,13.0,81.0,2913.46875,1553.984375,87.3,12592.8046875,1826.90234375,759.875,736.2451171875
2024-11-13 21:28:11,29.4,82.5,2971.875,1434.515625,87.3,12592.8046875,1826.03125,759.8779296875,736.263671875
2024-11-13 21:28:17,7.3,80.8,2936.5625,1575.953125,87.3,12592.8046875,1825.60546875,759.90625,736.2822265625
2024-11-13 21:28:23,13.7,81.0,3022.921875,1557.09375,87.3,12592.8046875,1825.34375,759.91796875,736.3095703125
2024-11-13 21:28:29,10.1,79.9,3004.515625,1648.265625,87.3,12592.8046875,1825.046875,759.9306640625,736.3310546875
2024-11-13 21:28:35,12.7,80.7,3072.96875,1577.109375,87.3,12592.8046875,1824.79296875,759.9375,736.341796875
2024-11-13 21:28:41,11.0,79.5,3069.65625,1678.859375,87.3,12592.8046875,1824.80078125,759.9521484375,736.3544921875
2024-11-13 21:28:47,23.6,79.5,3060.703125,1680.453125,87.3,12592.8046875,1824.59375,759.9765625,736.37109375
2024-11-13 21:28:53,29.2,80.3,3008.46875,1616.0,87.3,12592.8046875,1824.4296875,759.9814453125,736.37890625
2024-11-13 21:28:59,8.8,80.2,3016.796875,1621.015625,87.3,12592.8046875,1824.1875,759.982421875,736.37890625
2024-11-13 21:29:05,22.2,79.1,2941.890625,1709.5625,87.3,12592.8046875,1824.03125,760.0,736.39453125
2024-11-13 21:29:11,8.2,79.6,3039.734375,1673.0,87.3,12592.8046875,1823.89453125,760.0107421875,736.408203125
2024-11-13 21:29:17,22.8,79.9,3016.421875,1645.703125,87.4,12592.8046875,1823.58203125,760.013671875,736.443359375
2024-11-13 21:29:23,18.1,80.3,3050.359375,1614.546875,87.4,12592.8046875,1822.96484375,760.0244140625,736.4501953125
2024-11-13 21:29:29,11.7,79.6,3013.640625,1671.46875,87.3,12592.8046875,1824.98046875,760.0263671875,736.453125
2024-11-13 21:29:35,7.5,79.9,3022.96875,1644.046875,87.3,12592.8046875,1824.83984375,760.0302734375,736.4560546875
2024-11-13 21:29:41,9.8,79.6,3030.96875,1667.296875,87.3,12592.8046875,1824.8515625,760.0361328125,736.4638671875
2024-11-13 21:29:48,10.9,79.5,3050.15625,1676.21875,87.3,12592.8046875,1824.78125,760.052734375,736.482421875
2024-11-13 21:29:54,9.8,79.6,3024.765625,1673.28125,87.3,12592.8046875,1824.578125,760.0595703125,736.4931640625
2024-11-13 21:30:00,12.8,80.4,3016.765625,1604.578125,87.3,12592.8046875,1824.28515625,760.0693359375,736.5048828125
2024-11-13 21:30:06,4.7,79.2,2944.328125,1705.703125,87.3,12592.8046875,1824.18359375,760.07421875,736.5126953125
2024-11-13 21:30:12,11.0,79.7,3049.53125,1660.296875,87.3,12592.8046875,1824.1796875,760.07421875,736.513671875
2024-11-13 21:30:18,7.8,79.5,3053.015625,1679.859375,87.3,12592.8046875,1824.046875,760.080078125,736.51953125
2024-11-13 21:30:24,15.1,79.4,3057.5,1691.4375,87.3,12592.8046875,1824.0,760.083984375,736.525390625
2024-11-13 21:30:30,13.6,79.3,3080.328125,1698.40625,87.3,12592.8046875,1823.9921875,760.1005859375,736.5439453125
2024-11-13 21:30:36,10.7,79.1,3073.8125,1709.59375,87.3,12592.8046875,1823.97265625,760.1005859375,736.544921875
2024-11-13 21:30:42,13.5,79.2,3077.90625,1703.125,87.3,12592.8046875,1823.94140625,760.1005859375,736.544921875
2024-11-13 21:30:48,3.9,78.4,3054.1875,1773.453125,87.3,12592.8046875,1823.8046875,760.1064453125,736.55078125
2024-11-13 21:30:54,20.6,79.5,3105.9375,1679.828125,87.3,12592.8046875,1823.7109375,760.1279296875,736.5751953125
2024-11-13 21:31:00,6.3,79.0,3065.453125,1716.859375,87.4,12592.8046875,1823.578125,760.1376953125,736.58984375
2024-11-13 21:31:06,2.7,78.5,3034.9375,1759.921875,87.4,12592.8046875,1823.49609375,760.158203125,736.662109375
2024-11-13 21:31:12,1.5,78.4,3028.109375,1769.515625,87.4,12592.8046875,1823.48828125,760.1640625,736.66796875
2024-11-13 21:31:18,14.7,78.7,3022.265625,1742.359375,87.4,12592.8046875,1823.19921875,760.1650390625,736.6689453125
2024-11-13 21:31:24,6.1,78.8,3042.78125,1739.015625,87.4,12592.8046875,1823.125,760.1650390625,736.6689453125
2024-11-13 21:31:30,1.9,77.9,2996.453125,1809.765625,87.4,12592.8046875,1823.02734375,760.171875,736.669921875
2024-11-13 21:31:36,1.6,78.0,3007.390625,1805.65625,87.4,12592.8046875,1822.96875,760.171875,736.669921875
2024-11-13 21:31:42,1.6,78.2,3052.921875,1782.515625,87.4,12592.8046875,1822.83984375,760.171875,736.6708984375
2024-11-13 21:31:48,3.6,78.2,3052.203125,1783.125,87.4,12592.8046875,1822.8359375,760.171875,736.6708984375
2024-11-13 21:31:54,7.7,78.7,3050.765625,1746.875,87.4,12592.8046875,1822.82421875,760.181640625,736.6826171875
2024-11-13 21:32:00,3.0,79.0,2967.40625,1721.671875,87.4,12592.8046875,1822.7109375,760.1923828125,736.6943359375
2024-11-13 21:32:06,12.3,79.8,3003.90625,1658.765625,87.4,12592.8046875,1822.140625,760.2158203125,736.7333984375
2024-11-13 21:32:12,9.4,80.0,3028.03125,1638.578125,87.4,12592.8046875,1821.92578125,760.3076171875,736.83203125
2024-11-13 21:32:18,9.5,80.2,3027.671875,1625.875,87.4,12592.8046875,1821.8828125,760.322265625,736.853515625
2024-11-13 21:32:24,8.1,79.9,3009.703125,1649.921875,87.4,12592.8046875,1821.87890625,760.3330078125,736.869140625
2024-11-13 21:32:30,9.2,78.9,3038.234375,1730.390625,87.4,12592.8046875,1821.8671875,760.3408203125,736.8759765625
2024-11-13 21:32:36,3.3,79.1,3057.3125,1713.84375,87.4,12592.8046875,1821.8359375,760.3642578125,736.896484375
2024-11-13 21:32:42,1.5,79.0,3064.34375,1721.4375,87.4,12592.8046875,1821.70703125,760.3779296875,736.9052734375
2024-11-13 21:32:48,6.4,78.4,3026.515625,1771.125,87.4,12592.8046875,1821.6875,760.3779296875,736.9052734375
2024-11-13 21:32:54,9.8,78.8,3075.3125,1733.0,87.4,12592.8046875,1821.6484375,760.384765625,736.9072265625
2024-11-13 21:33:00,15.1,79.5,3092.0,1678.609375,87.4,12592.8046875,1821.4296875,760.4033203125,736.9287109375
2024-11-13 21:33:06,13.6,79.8,2991.96875,1650.953125,87.4,12592.8046875,1819.6953125,760.4375,736.947265625
2024-11-13 21:33:12,7.6,79.8,3007.328125,1655.84375,87.4,12592.8046875,1819.59765625,760.4443359375,736.9599609375
2024-11-13 21:33:18,13.9,80.7,2935.265625,1582.90625,87.4,12592.8046875,1819.359375,760.4521484375,736.96875
2024-11-13 21:33:24,19.8,80.0,2905.578125,1639.265625,87.4,12592.8046875,1809.9375,760.4716796875,737.0087890625
2024-11-13 21:33:30,12.6,79.9,2927.328125,1649.453125,87.4,12592.8046875,1819.22265625,760.482421875,737.0224609375
2024-11-13 21:33:36,11.1,80.2,2891.0625,1623.203125,87.4,12592.8046875,1819.09375,760.482421875,737.0224609375
2024-11-13 21:33:42,11.4,80.3,2875.390625,1610.265625,87.4,12592.8046875,1818.72265625,760.4833984375,737.0234375
2024-11-13 21:33:48,28.2,80.4,2895.625,1604.671875,87.4,12592.8046875,1818.03125,760.515625,737.103515625
2024-11-13 21:33:54,24.7,80.5,2946.546875,1593.40625,87.4,12592.8046875,1817.9765625,760.5166015625,737.1044921875
2024-11-13 21:34:00,12.9,81.0,2992.125,1552.46875,87.4,12592.8046875,1818.04296875,760.5244140625,737.11328125
2024-11-13 21:34:06,15.4,80.3,3017.859375,1617.515625,87.4,12592.8046875,1818.02734375,760.53515625,737.1240234375
2024-11-13 21:34:12,10.7,79.7,3042.03125,1662.328125,87.4,12592.8046875,1817.828125,760.5361328125,737.125
2024-11-13 21:34:18,17.7,79.7,3042.828125,1659.765625,87.4,12592.8046875,1817.79296875,760.537109375,737.126953125
2024-11-13 21:34:24,11.3,79.5,3028.359375,1679.28125,87.4,12592.8046875,1817.78515625,760.537109375,737.126953125
2024-11-13 21:34:30,10.4,79.6,3040.21875,1674.96875,87.4,12592.8046875,1817.7734375,760.544921875,737.1337890625
2024-11-13 21:34:36,21.6,80.0,3082.859375,1639.4375,87.4,12592.8046875,1817.19921875,760.5576171875,737.1650390625
2024-11-13 21:34:42,7.4,79.6,2996.34375,1668.5625,87.4,12592.8046875,1815.453125,760.6279296875,737.2412109375
2024-11-13 21:34:48,4.6,79.5,2992.828125,1678.796875,87.4,12592.8046875,1815.21484375,760.6396484375,737.2685546875
2024-11-13 21:34:54,4.5,79.6,3027.921875,1670.28125,87.4,12592.8046875,1815.20703125,760.640625,737.26953125
2024-11-13 21:35:00,12.5,79.8,3052.75,1651.421875,87.4,12592.8046875,1815.1796875,760.640625,737.2705078125
2024-11-13 21:35:06,10.7,79.5,3030.421875,1681.46875,87.4,12592.8046875,1815.109375,760.6416015625,737.2705078125
2024-11-13 21:35:12,5.7,78.5,3077.09375,1764.6875,87.4,12592.8046875,1814.96484375,760.642578125,737.271484375
2024-11-13 21:35:18,10.4,78.7,3110.5,1745.0,87.4,12592.8046875,1814.8046875,760.6435546875,737.2734375
2024-11-13 21:35:24,13.2,79.1,3101.421875,1715.078125,87.4,12592.8046875,1814.96875,760.6474609375,737.279296875
2024-11-13 21:35:30,27.0,79.3,3088.421875,1699.15625,87.4,12592.8046875,1814.82421875,760.6484375,737.28125
2024-11-13 21:35:36,17.9,80.5,3004.703125,1600.765625,87.4,12592.8046875,1814.6015625,760.6494140625,737.28125
2024-11-13 21:35:42,3.7,79.6,2951.765625,1670.453125,87.4,12592.8046875,1814.48828125,760.6533203125,737.29296875
2024-11-13 21:35:48,40.9,81.5,2972.984375,1514.75,87.4,12592.8046875,1813.921875,760.6806640625,737.3291015625
2024-11-13 21:35:54,2.5,79.7,2870.625,1662.234375,87.4,12592.8046875,1813.50390625,760.689453125,737.3388671875
2024-11-13 21:36:00,17.1,80.1,2897.015625,1627.0625,87.4,12592.8046875,1813.30078125,760.6962890625,737.380859375
2024-11-13 21:36:06,12.1,80.5,2984.109375,1593.53125,87.4,12592.8046875,1813.05078125,760.7197265625,737.4541015625
2024-11-13 21:36:12,10.3,80.1,3030.0,1630.40625,87.4,12592.8046875,1813.03515625,760.720703125,737.455078125
2024-11-13 21:36:18,14.3,80.3,3007.984375,1616.640625,87.4,12592.8046875,1812.7890625,760.7275390625,737.4599609375
2024-11-13 21:36:24,5.0,79.7,2972.15625,1665.875,87.4,12592.8046875,1812.77734375,760.755859375,737.4638671875
2024-11-13 21:36:30,13.0,78.4,3103.703125,1766.859375,87.4,12592.8046875,1812.7734375,760.759765625,737.46484375
2024-11-13 21:36:36,15.0,78.5,3131.140625,1758.453125,87.4,12592.8046875,1812.78125,760.7607421875,737.46484375
2024-11-13 21:36:42,9.7,78.5,3137.765625,1761.328125,87.4,12592.8046875,1812.65625,760.7607421875,737.4658203125
2024-11-13 21:36:48,14.1,78.4,3155.0,1765.40625,87.4,12592.8046875,1812.66015625,760.7607421875,737.4658203125
2024-11-13 21:36:54,10.9,78.2,3135.703125,1785.078125,87.4,12592.8046875,1812.58203125,760.7646484375,737.4716796875
2024-11-13 21:37:00,11.6,78.5,3108.625,1759.4375,87.4,12592.8046875,1812.56640625,760.7802734375,737.48828125
2024-11-13 21:37:06,13.4,78.8,3144.75,1736.75,87.4,12592.8046875,1812.515625,760.7802734375,737.4892578125
2024-11-13 21:37:12,8.0,78.5,3130.71875,1760.578125,87.4,12592.8046875,1812.51171875,760.7802734375,737.4892578125
2024-11-13 21:37:18,8.3,78.4,3106.71875,1772.34375,87.4,12592.8046875,1812.3828125,760.7802734375,737.4892578125
2024-11-13 21:37:24,2.2,77.7,3056.171875,1829.0625,87.4,12592.8046875,1812.328125,760.794921875,737.5048828125
2024-11-13 21:37:30,7.6,78.6,3133.109375,1754.734375,87.4,12592.8046875,1812.30078125,760.798828125,737.5107421875
2024-11-13 21:37:36,15.3,78.8,3139.953125,1734.421875,87.4,12592.8046875,1812.28125,760.802734375,737.5166015625
2024-11-13 21:37:42,10.1,78.0,3077.25,1801.859375,87.4,12592.8046875,1812.27734375,760.8037109375,737.517578125
2024-11-13 21:37:48,9.0,78.1,3090.15625,1790.75,87.4,12592.8046875,1812.26953125,760.8037109375,737.517578125
2024-11-13 21:37:54,10.4,78.3,3110.03125,1778.109375,87.4,12592.8046875,1812.265625,760.810546875,737.529296875
2024-11-13 21:38:00,10.2,78.4,3122.484375,1767.953125,87.4,12592.8046875,1812.15234375,760.8310546875,737.5673828125
2024-11-13 21:38:06,3.1,77.6,3066.046875,1832.90625,87.4,12592.8046875,1812.1328125,760.84375,737.580078125
2024-11-13 21:38:12,8.7,78.8,3156.953125,1738.859375,87.4,12592.8046875,1812.0546875,760.859375,737.591796875
2024-11-13 21:38:18,11.6,78.5,3103.546875,1761.203125,87.4,12592.8046875,1811.8515625,760.9130859375,737.66015625
2024-11-13 21:38:24,5.7,78.4,3027.328125,1770.1875,87.4,12592.8046875,1810.1875,760.9462890625,737.697265625
2024-11-13 21:38:30,2.1,78.5,3032.28125,1758.0,87.4,12592.8046875,1809.83203125,760.9482421875,737.6982421875
2024-11-13 21:38:36,3.4,78.3,3014.8125,1780.765625,87.4,12592.8046875,1809.83984375,760.94921875,737.6982421875
2024-11-13 21:38:42,2.5,79.0,3074.59375,1722.40625,87.4,12592.8046875,1809.5390625,760.9541015625,737.720703125
2024-11-13 21:38:48,1.7,78.5,3003.984375,1759.90625,87.4,12592.8046875,1809.53515625,760.955078125,737.720703125
2024-11-13 21:38:54,1.7,79.0,3049.0625,1720.328125,87.4,12592.8046875,1809.421875,760.962890625,737.732421875
2024-11-13 21:39:00,11.7,78.9,3007.59375,1727.109375,87.4,12592.8046875,1809.42578125,760.970703125,737.7470703125
2024-11-13 21:39:06,18.9,79.9,2971.078125,1646.296875,87.4,12592.8046875,1809.17578125,760.986328125,737.7607421875
2024-11-13 21:39:12,17.1,80.0,2955.015625,1637.671875,87.4,12592.8046875,1808.6796875,760.990234375,737.763671875
2024-11-13 21:39:18,18.3,80.2,2947.375,1620.28125,87.4,12592.8046875,1807.9609375,760.9931640625,737.775390625
2024-11-13 21:39:24,7.7,80.7,2922.078125,1583.375,87.5,12592.8046875,1806.50390625,761.0517578125,737.8896484375
2024-11-13 21:39:30,4.7,80.7,2942.859375,1577.953125,87.5,12592.8046875,1806.24609375,761.1171875,737.908203125
2024-11-13 21:39:36,4.0,80.6,2952.75,1585.28125,87.5,12592.8046875,1806.26171875,761.1171875,737.9091796875
2024-11-13 21:39:42,4.5,80.1,2945.484375,1628.140625,87.5,12592.8046875,1804.859375,761.130859375,737.9345703125
